Meter S/N:, None
Sensor, None, None, , 
Date, 2/23/2015 1:10:46 PM
Units, W
Timestamp, Measurement, Sequence, Flags, Flags (interpreted), Period
0.9000000, 3.787109E-006, 900000, 0, 0, 0
1.9000000, 3.788490E-006, 1900000, 0, 0, 0
2.9000000, 3.787334E-006, 2900000, 0, 0, 0
3.9000000, 3.787665E-006, 3900000, 0, 0, 0
