Meter S/N:, None
Sensor, None, None, , 
Date, 3/2/2015 4:50:14 PM
Units, W
Timestamp, Measurement, Sequence, Flags, Flags (interpreted), Period
0.9000000, 1.949239E-005, 900000, 0, 0, 0
1.9000000, 1.948037E-005, 1900000, 0, 0, 0
2.9000000, 1.948088E-005, 2900000, 0, 0, 0
3.9000000, 1.947382E-005, 3900000, 0, 0, 0
