Meter S/N:, None
Sensor, None, None, , 
Date, 2/27/2015 6:44:01 PM
Units, W
Timestamp, Measurement, Sequence, Flags, Flags (interpreted), Period, Binary Data
0.9000000, 3.521350E-006, 900000, 0, 0, 0, 56506c36 0000 a0bb0d00 
1.9000000, 3.520894E-006, 1899990, 0, 0, 0, 7e486c36 0000 d6fd1c00 
2.9000000, 3.520767E-006, 2899990, 0, 0, 0, 51466c36 0000 16402c00 
3.9000000, 3.521310E-006, 3899990, 0, 0, 0, a34f6c36 0000 56823b00 
