Meter S/N:, None
Sensor, None, None, , 
Date, 2/27/2015 6:44:31 PM
Units, W
Timestamp, Measurement, Sequence, Flags, Flags (interpreted), Period, Binary Data
0.9000000, 3.517878E-006, 899990, 0, 0, 0, b0146c36 0000 96bb0d00 
1.9000000, 3.518556E-006, 1900000, 0, 0, 0, 56206c36 0000 e0fd1c00 
2.9000000, 3.517385E-006, 2900000, 0, 0, 0, 380c6c36 0000 20402c00 
3.9000000, 3.519605E-006, 3900000, 0, 0, 0, 5b326c36 0000 60823b00 
4.9000000, 3.519876E-006, 4900000, 0, 0, 0, 04376c36 0000 a0c44a00 
