Meter S/N:, None
Sensor, None, None, , 
Date, 2/27/2015 6:44:55 PM
Units, W
Timestamp, Measurement, Sequence, Flags, Flags (interpreted), Period, Binary Data
0.9000000, 3.519542E-006, 900000, 0, 0, 0, 45316c36 0000 a0bb0d00 
1.9000000, 3.521029E-006, 1900000, 0, 0, 0, d24a6c36 0000 e0fd1c00 
2.9000000, 3.521332E-006, 2900000, 0, 0, 0, 06506c36 0000 20402c00 
3.9000000, 3.521829E-006, 3900000, 0, 0, 0, 91586c36 0000 60823b00 
4.9000000, 3.519980E-006, 4900000, 0, 0, 0, cd386c36 0000 a0c44a00 
5.9000000, 3.519786E-006, 5900000, 0, 0, 0, 76356c36 0000 e0065a00 
