Meter S/N:, None
Sensor, None, None, , 
Date, 2/27/2015 6:55:24 PM
Units, W
Timestamp, Measurement, Sequence, Flags, Flags (interpreted), Period, Binary Data
0.9000000, 3.524054E-006, 900000, 0, 0, 0, c87e6c36 0000 a0bb0d00 
1.9000000, 3.524994E-006, 1900000, 0, 0, 0, ef8e6c36 0000 e0fd1c00 
2.9000000, 3.523679E-006, 2900000, 0, 0, 0, 56786c36 0000 20402c00 
