Meter S/N:, None
Sensor, None, None, , 
Date, 2/20/2015 12:56:40 PM
Units, W
Timestamp, Measurement, Sequence, Flags, Flags (interpreted), Period
0.0000000, 4.200724E-004, 0.000, 0.000, 0, 0, 0, 0
0.0000000, 9.798815E-004, 0.000, 0.000, 0, 0, 0, 0
0.0000000, 1.939653E-003, 0.000, 0.000, 0, 0, 0, 0
0.0000000, 1.085904E-003, 0.000, 0.000, 0, 0, 0, 0
